id,name,category,storage_primary,storage_secondary,required,purchase,notes,presets,season,heater,igt,people_min,nights_min
S001,에도쉘,tent,,frunk,TRUE,FALSE,"솔캠, 캠프닉, 여름 쉘터. 프렁크 단독 적재.","[""P01"",""P02""]",all,,,1,0
S002,스테고 돔쉘터+이너텐트,tent,,frunk,TRUE,FALSE,스테고 돔쉘터+이너텐트 세트. 프렁크 적재.,"[""P03"",""P04"",""P05""]",all,,,2,1
S003,돔텐트+타프,tent,,frunk,TRUE,FALSE,여름 가족캠용 돔텐트+타프 조합. 프렁크 적재.,"[""P06"",""P07""]",summer,,,2,1
S004,돔텐트+에도쉘,tent,,frunk,TRUE,FALSE,여름 가족캠용 돔텐트+에도쉘 조합. 프렁크 적재.,"[""P08"",""P09""]",summer,,,2,1
S006,스테고 루프 플라이,tent,BOX003,trunk_under,TRUE,FALSE,,"[""P03"",""P04""]",spring_fall,,,2,0
L003,이너프 7,lighting,BOX003,trunk_under,TRUE,FALSE,,"[""P03"",""P04"",""P05""]",all,,,2,1
L002,첨스 파우치,lighting,,trunk,TRUE,FALSE,"망치, 팩, 크레모아 랜턴 小 1개, 루메나 M3 3개, 헤드랜턴 1개, 블루투스 스피커, 토치 라이터.","[""P03"",""P04""]",spring_fall,,,2,0
B001,싱글침낭,bedding,,trunk,TRUE,FALSE,솔캠 전용 싱글침낭.,"[""P02""]",all,,,1,1
B002,더블침낭,bedding,,trunk,TRUE,FALSE,가족캠핑용 더블침낭.,"[""P03"",""P04"",""P05"",""P06"",""P07"",""P08"",""P09""]",all,,,2,1
B003,에어매트 40cm 싱글,bedding,,trunk,TRUE,FALSE,40cm 에어매트.,"[""P02""]",all,,,1,1
B004,에어매트 260,bedding,,trunk,TRUE,FALSE,가족캠핑 260 에어매트. 에어펌프(전자기기 가방)로 팽창.,"[""P03"",""P04"",""P05"",""P06"",""P07"",""P08"",""P09""]",all,,,2,1
B005,260 매트 패드,bedding,,trunk,TRUE,FALSE,에어매트 상단 패드.,"[""P03"",""P04"",""P05"",""P06"",""P07"",""P08"",""P09""]",all,,,2,1
B006,전기장판,bedding,,trunk,TRUE,FALSE,릴선 필요. 1박 이상 시 필수.,"[""P03"",""P04"",""P05"",""P06"",""P07"",""P08"",""P09""]",all,,,2,1
B007,에어베개,bedding,BOX003,trunk_under,TRUE,FALSE,솔캠용.,"[""P02""]",all,,,1,1
F001,필드랙,furniture,,trunk,TRUE,FALSE,솔캠 테이블/선반.,"[""P02""]",all,,,1,0
F002,크레모아 의자 (사이드),furniture,,trunk,TRUE,FALSE,솔캠 의자. 트렁크 사이드 세로 적재.,"[""P01"",""P02""]",all,,,1,0
F003,IGT 테이블,furniture,,trunk,TRUE,FALSE,IGT basic/full 시 필수.,"[""P03"",""P04"",""P05"",""P06"",""P07"",""P08"",""P09""]",all,,basic_full,2,0
F005,우드 쓰레기통,furniture,,trunk,TRUE,FALSE,감성 필수,"[""P03"",""P04""]",spring_fall,,,2,0
F007,IGT 해바라기 버너 거치대,furniture,BOX001,trunk,TRUE,FALSE,"IGT 화력 Full 가동 시, 해바라기 버너에 IGT 사용시","[""P05""]",winter,,basic_full,2,0
F011,재우 의자,furniture,BOX003,trunk_under,TRUE,FALSE,사계절 / 카즈미 100L,"[""P03"",""P04""]",all,,,2,0
F012,엄마 의자,furniture,BOX003,trunk_under,TRUE,FALSE,사계절 / 카즈미 100L,"[""P03"",""P04"",""P05"",""P06"",""P07"",""P08"",""P09""]",all,,,2,0
F013,시우 의자,furniture,BOX003,trunk_under,TRUE,FALSE,사계절 / 카즈미 100L,"[""P03"",""P04""]",all,,,2,0
F014,아빠 의자,furniture,,trunk,TRUE,FALSE,사계절 / 크레모아랑 번갈아 사용,"[""P05""]",all,,,2,0
F015,워터저그 우드 스탠드,furniture,,trunk,TRUE,FALSE,스탠리 워터저그 전용 우드 스탠드.,"[""P03"",""P04"",""P05"",""P06"",""P07"",""P08"",""P09""]",all,,,2,0
F016,IGT 더블랙,furniture,BOX001,trunk,TRUE,FALSE,IGT Full 구성용 사이드 테이블.,"[""P04"",""P05"",""P07"",""P09""]",all,,full,2,0
F017,더블랙용 사이드 행어,furniture,BOX001,trunk,TRUE,FALSE,IGT 더블랙 장착용 사이드 행어.,"[""P04"",""P05"",""P07"",""P09""]",all,,full,2,0
F020,IGT 언더 쉘프,furniture,BOX001,trunk,TRUE,FALSE,IGT Full 구성용 언더 쉘프.,"[""P04"",""P05"",""P07"",""P09""]",all,,full,2,0
F018,인디언 행어,furniture,BOX001,trunk,TRUE,FALSE,가족캠핑 공용 행어.,"[""P03"",""P04"",""P05"",""P06"",""P07"",""P08"",""P09""]",all,,,2,0
F019,인디언 행어 우드 상판,furniture,,trunk,TRUE,FALSE,인디언 행어용 우드 상판.,"[""P03"",""P04"",""P05"",""P06"",""P07"",""P08"",""P09""]",all,,,2,0
C001,스탠리 쿨러,cooking,,trunk,TRUE,FALSE,공통 아이템.,"[""P01"",""P02"",""P03"",""P04"",""P05"",""P06"",""P07"",""P08"",""P09""]",all,,,1,0
C002,스탠리 워터저그,cooking,,trunk,TRUE,FALSE,차량 내 적재 — 시우 앞자리 (뒷좌석 발밑).,"[""P03"",""P04"",""P05"",""P06"",""P07"",""P08"",""P09""]",all,,,2,0
C003,조리도구 킷,cooking,BOX001,trunk,TRUE,FALSE,공통 아이템.,"[""P01"",""P02"",""P03"",""P04"",""P05"",""P06"",""P07"",""P08"",""P09""]",all,,,1,0
C004,양념통,cooking,BOX001,trunk,TRUE,FALSE,공통 아이템.,"[""P01"",""P02"",""P03"",""P04"",""P05"",""P06"",""P07"",""P08"",""P09""]",all,,,1,0
C005,그리들,cooking,,trunk,TRUE,FALSE,가족캠핑 전용.,"[""P03"",""P04"",""P05"",""P06"",""P07"",""P08"",""P09""]",all,,,2,0
C006,캠프원 버너,cooking,BOX001,trunk,TRUE,FALSE,솔캠 전용 버너.,"[""P01"",""P02""]",all,,,1,0
C007,캠프원 버너플레이트 세트,cooking,,trunk,TRUE,FALSE,솔캠 버너 플레이트.,"[""P02""]",all,,,1,0
C009,해바라기 버너,cooking,,trunk,TRUE,FALSE,IGT 화력 Full 가동 시,"[""P05""]",winter,,,2,0
C010,커피포트,cooking,BOX001,trunk,TRUE,FALSE,전기 필수.,"[""P03"",""P04"",""P05"",""P06"",""P07"",""P08"",""P09""]",all,,,2,0
C011,이소가스,cooking,BOX001,trunk,TRUE,FALSE,,"[""P01"",""P02""]",all,,,1,0
FR002,캠프빈 화로대,fire,BOX003,trunk_under,TRUE,FALSE,겨울 가족캠핑 화로대. 지하실.,"[""P05""]",winter,,,2,0
FR003,착화제,fire,BOX001,trunk,TRUE,FALSE,공통 아이템.,"[""P01"",""P02"",""P03"",""P04"",""P05"",""P06"",""P07"",""P08"",""P09""]",all,,,1,0
FR004,차콜스타터+숯,fire,,trunk,TRUE,FALSE,봄가을 가족캠핑.,"[""P03"",""P04""]",spring_fall,,,2,0
FR005,장작,fire,,trunk,TRUE,TRUE,현장 구매 아이템.,"[""P02""]",all,,,1,0
H001,소형히터,heating,BOX003,trunk_under,TRUE,FALSE,공통. 지하실 적재.,"[""P02"",""P03"",""P04"",""P05"",""P06"",""P07"",""P08"",""P09""]",all,,,1,0
H002,난로,heating,,trunk,TRUE,FALSE,"겨울, 난로=on 시 필수. 차량 내 적재 — 재우 앞자리 (뒷좌석 발밑).","[""P05""]",winter,true,,2,0
E001,전자기기 가방,electronics,,trunk,TRUE,FALSE,"Ebook, n8ii, 에어팟, 아이패드 등","[""P01"",""P02"",""P03"",""P04"",""P05"",""P06"",""P07"",""P08"",""P09""]",all,,,1,0
E002,릴선,electrical,BOX003,trunk_under,TRUE,FALSE,"전기장판, 소형히터 등에 필요.","[""P02"",""P03"",""P04"",""P05"",""P06"",""P07"",""P08"",""P09""]",all,,,1,0
P001,"옷 가방 (속옷, 겉옷, 세면도구)",personal,,trunk,TRUE,FALSE,1박 이상 시 필수.,"[""P03"",""P04"",""P05"",""P06"",""P07"",""P08"",""P09""]",all,,,2,1
HY001,카고컨테이너 바스켓,hygiene,BOX001,trunk,TRUE,FALSE,"시에라 컵, 반합, 접시, 커틀러리","[""P01"",""P02""]",all,,,1,0
HY003,설거지 or 한장 수세미,hygiene,BOX001,trunk,TRUE,FALSE,솔캠 전용.,"[""P01"",""P02""]",all,,,1,0
HY004,카고컨테이너 사이드 행어,hygiene,BOX001,trunk,TRUE,FALSE,봄가을 가족캠핑.,"[""P03"",""P04""]",spring_fall,,,2,0
HY006,키친타월 & 물티슈,hygiene,BOX001,trunk,TRUE,FALSE,공통.,"[""P01"",""P02"",""P03"",""P04"",""P05"",""P06"",""P07"",""P08"",""P09""]",all,,,1,0
BOX001,토르박스 75L,container,,trunk,TRUE,FALSE,708×434×384mm. 솔캠/가족캠 공통 메인 박스.,"[""P01"",""P02"",""P03"",""P04"",""P05"",""P06"",""P07"",""P08"",""P09""]",all,,,1,0
BOX003,카즈미 캠핑백 100L,container,,trunk_under,TRUE,FALSE,가족캠핑 지하실 대형 백.,"[""P03"",""P04"",""P05"",""P06"",""P07"",""P08"",""P09""]",all,,,2,0
